<?xml version='1.0' encoding='utf-8' standalone='yes' ?>
<map>
    <long name="com.facebook.appevents.SessionInfo.sessionStartTime" value="1755482967256" />
    <long name="com.facebook.appevents.SessionInfo.sessionEndTime" value="1755483020990" />
    <boolean name="bg_startup_tracing" value="false" />
    <int name="com.encdata.rakib.classes.originalInstallVersionCode" value="32" />
    <boolean name="com.encdata.rakib.classes.PasswordActivity_passwordEntered" value="true" />
    <int name="com.facebook.appevents.SessionInfo.interruptionCount" value="0" />
    <long name="com.encdata.rakib.classes.cloneTimestamp" value="1755482873704" />
    <string name="com.facebook.appevents.SessionInfo.sessionId">726b2e39-617d-4c07-946a-378f01135ce1</string>
</map>
