<?xml version='1.0' encoding='utf-8' standalone='yes' ?>
<map>
    <string name="feature_usage_package_name">com.ultrahindi.android</string>
    <long name="feature_usage_timestamp_detected_feature_3" value="1755483016761" />
    <long name="feature_usage_timestamp_detected_feature_12" value="1755483016789" />
    <long name="feature_usage_last_report_time" value="1755482984190" />
    <long name="feature_usage_timestamp_detected_feature_15" value="1755483016763" />
    <string name="feature_usage_sdk_version">21.4.0</string>
    <long name="feature_usage_timestamp_reported_feature_5" value="1755482983625" />
</map>
