<?xml version='1.0' encoding='utf-8' standalone='yes' ?>
<map>
    <long name="first_open_time" value="1755482966869" />
    <string name="gmp_app_id">1:266944833553:android:69c0082a1bf2a9423ce9b0</string>
    <string name="app_instance_id">b0c7a67fcc0c4f9ebb6e38090d439fb9</string>
    <long name="session_id" value="1755482967" />
    <boolean name="app_backgrounded" value="true" />
    <long name="health_monitor:start" value="1755482967129" />
    <boolean name="use_service" value="true" />
    <boolean name="deferred_analytics_collection" value="false" />
    <string name="previous_os_version">13</string>
    <boolean name="has_been_opened" value="true" />
    <boolean name="allow_remote_dynamite" value="true" />
    <long name="last_pause_time" value="1755483023001" />
    <boolean name="start_new_session" value="false" />
</map>
