<?xml version='1.0' encoding='utf-8' standalone='yes' ?>
<map>
    <string name="p1"></string>
    <string name="p2"></string>
    <string name="p3"></string>
    <string name="p4"></string>
    <string name="p5"></string>
    <string name="campaignid"></string>
    <string name="channel"></string>
    <string name="clickId"></string>
    <string name="pid"></string>
    <string name="adid"></string>
    <string name="install_id">5602f77c-22be-469b-b45f-aedde065ff3a</string>
    <string name="click_time"></string>
    <string name="adset"></string>
    <string name="adsetid"></string>
    <string name="install_time">1970-01-21T07:30:49.400Z</string>
    <string name="ad"></string>
    <string name="last_session_time">2025-08-18T02:09:27.842Z</string>
    <string name="first_install">2025-08-18T02:09:27.063Z</string>
    <boolean name="is_install_tracked" value="true" />
    <string name="last_session_date">2025-08-18</string>
    <string name="dlv"></string>
    <string name="partner"></string>
    <string name="install_referrer">utm_source=google-play&amp;utm_medium=organic</string>
    <string name="campaign"></string>
    <string name="isRetargeting">false</string>
</map>
