<?xml version='1.0' encoding='utf-8' standalone='yes' ?>
<map>
    <set name="device-brand/a55096372cc2b0c device-model/404c230ae9752f71 fire-perf/20.1.0 fire-auth/21.0.5 android-min-sdk/25 fire-fcm/23.0.5 fire-rtdb/21.0.0 fire-abt/21.0.1 fire-android/33 fire-installations/17.0.1 fire-core/21.0.0 fire-core-ktx/21.0.0 fire-rc/21.1.0 fire-analytics/22.0.2 android-installer/com.google.android.packageinstaller device-name/c9383e54d5c5df34 fire-auth-ktx/21.0.5 android-platform/ kotlin/1.9.22 fire-cls/18.2.11 android-target-sdk/27 fire-transport/18.1.4">
        <string>2025-08-18</string>
    </set>
    <long name="fire-count" value="1" />
    <string name="last-used-date">2025-08-18</string>
    <long name="fire-global" value="1755482981496" />
</map>
