<?xml version='1.0' encoding='utf-8' standalone='yes' ?>
<map>
    <int name="d_ts" value="1755483018" />
    <int name="dh" value="977453016" />
    <int name="hgt" value="4" />
    <string name="av">1.2.1</string>
    <int name="v" value="2" />
    <int name="wdt" value="2" />
    <string name="j_n">Zw==</string>
    <string name="i_n">Ym9qeQQF</string>
    <int name="r_ts" value="1755483019" />
    <string name="id">R99-889-7W7Z</string>
    <string name="k_n">DHhlAkhfAX0mCwEyIzVwFg==</string>
    <string name="j_s">{}</string>
</map>
