<?xml version='1.0' encoding='utf-8' standalone='yes' ?>
<map>
    <string name="comms_dmn_spiky:R99-889-7W7Z">eu1-spiky.clevertap-prod.com</string>
    <string name="comms_dmn:R99-889-7W7Z">eu1.clevertap-prod.com</string>
    <boolean name="NetworkInfo:R99-889-7W7Z" value="true" />
    <string name="ict_date:__16c5d120a5ee497cb63ec984218ffef8:R99-889-7W7Z">18082025</string>
    <int name="lastSessionId:R99-889-7W7Z" value="1755483016" />
    <string name="fcm_token:R99-889-7W7Z">ef1vMMUASzGNS4d54Mv2Tl:APA91bGhZfDIO7Mx18B9IWDKutsEPoMz0AHBES8RXUxFzSPkAwnZG6pScWl9vVrue87bLm-JLEW-Jbc73jxA7CLhwvJDQWftoWLn_DZXpcKhnKsfyZuJFBU</string>
    <int name="comms_last_ts:R99-889-7W7Z" value="1755483019" />
    <int name="istc_inapp:__16c5d120a5ee497cb63ec984218ffef8:R99-889-7W7Z" value="0" />
    <string name="ict_date:__c68fbff50f894f4a8905306ea99bba65:R99-889-7W7Z">18082025</string>
    <string name="variablesKey:R99-889-7W7Z">{}</string>
    <string name="SP_KEY_PROFILE_IDENTITIES:R99-889-7W7Z">Email,Identity</string>
    <string name="cachedGUIDsKey:R99-889-7W7Z">{&quot;Identity_gtMWwlmkW21h&quot;:&quot;__c68fbff50f894f4a8905306ea99bba65&quot;,&quot;Identity_7Izo0IqQSyto&quot;:&quot;__16c5d120a5ee497cb63ec984218ffef8&quot;}</string>
    <string name="inApp:R99-889-7W7Z">[]</string>
    <int name="comms_mtd:R99-889-7W7Z" value="0" />
    <int name="pfjobid" value="-1045697902" />
    <int name="comms_first_ts:R99-889-7W7Z" value="1755483019" />
    <int name="imc:__c68fbff50f894f4a8905306ea99bba65:R99-889-7W7Z" value="1" />
    <int name="istmcd_inapp:__c68fbff50f894f4a8905306ea99bba65:R99-889-7W7Z" value="10" />
    <int name="istc_inapp:__c68fbff50f894f4a8905306ea99bba65:R99-889-7W7Z" value="1" />
    <string name="instance:R99-889-7W7Z">{&quot;accountId&quot;:&quot;R99-889-7W7Z&quot;,&quot;accountToken&quot;:&quot;cbb-cc2&quot;,&quot;analyticsOnly&quot;:false,&quot;isDefaultInstance&quot;:true,&quot;useGoogleAdId&quot;:false,&quot;disableAppLaunchedEvent&quot;:false,&quot;personalization&quot;:true,&quot;debugLevel&quot;:0,&quot;createdPostAppLaunch&quot;:false,&quot;sslPinning&quot;:false,&quot;backgroundSync&quot;:true,&quot;getEnableCustomCleverTapId&quot;:false,&quot;packageName&quot;:&quot;com.ultrahindi.android&quot;,&quot;beta&quot;:false,&quot;allowedPushTypes&quot;:[&quot;FCM&quot;,&quot;XPS&quot;,&quot;HPS&quot;,&quot;BPS&quot;,&quot;ADM&quot;]}</string>
    <int name="sexe:R99-889-7W7Z" value="1755483020" />
    <string name="deviceId:R99-889-7W7Z">__16c5d120a5ee497cb63ec984218ffef8</string>
</map>
