<?xml version='1.0' encoding='utf-8' standalone='yes' ?>
<map>
    <int name="d_ts" value="1755483016" />
    <int name="dh" value="16176995" />
    <int name="hgt" value="4" />
    <string name="av">1.2.1</string>
    <int name="v" value="2" />
    <int name="wdt" value="2" />
    <string name="j_n">Zw==</string>
    <string name="i_n">Ym1hegQC</string>
    <int name="r_ts" value="1755483016" />
    <string name="id">R99-889-7W7Z</string>
    <string name="k_n">DHg1P39nRlg6MQV5ZjJwFg==</string>
    <string name="j_s">{}</string>
</map>
