{"Fid":"ef1vMMUASzGNS4d54Mv2Tl","Status":3,"AuthToken":"eyJhbGciOiJFUzI1NiIsInR5cCI6IkpXVCJ9.eyJhcHBJZCI6IjE6MjY2OTQ0ODMzNTUzOmFuZHJvaWQ6NjljMDA4MmExYmYyYTk0MjNjZTliMCIsImV4cCI6MTc1NjA4Nzc2NywiZmlkIjoiZWYxdk1NVUFTekdOUzRkNTRNdjJUbCIsInByb2plY3ROdW1iZXIiOjI2Njk0NDgzMzU1M30.AB2LPV8wRgIhAP4fNXmHf2GHSc-bvGPVrNbA_ITIgEBFyywuG8H-rBH8AiEA47QMfGbyJzmMzYRVamcuDSeNIZ0gpZU1zygUh36REPM","RefreshToken":"3_AS3qfwIgin31rEeGgpxuMm2XZZnX2DI3uctaEKXhdcCsp7Fv83bolAxM-rMIB4BMPvgQuUpFC6DFJDZgtHv_p1YfdsSMUTqEkcX-Xc_EIHKea10","TokenCreationEpochInSecs":1755482967,"ExpiresInSecs":604800}